A171           ,238
A3000          ,396
A3000-TOOL     ,396
A3001          ,234
A3002          ,396
A3003          ,396
A3004          ,396
A3005          ,336
A3006          ,101
A3007          ,845
A3008          ,845
A3009          ,845
A3010          ,845
A3011          ,308
A3012          ,308
A3013          ,308
A3014          ,308
A3015          ,308
A3016          ,308
A3017          ,396
A3018          ,396
A3019          ,200
A3020          ,200
A3021          ,845
A3022          ,845
A3023          ,104
A3024          ,104
A3025          ,106
A3026          ,107
A3027          ,107
A3028          ,109
A3029          ,200
A3030          ,336
A3031          ,336
A3032          ,336
A3033          ,336
A3034          ,157
A3035          ,234
A3036          ,234
A3037          ,234
A3038          ,234
A3039          ,111
A3040          ,109
A3041          ,234
A3042          ,234
A3042T         ,234
A3043          ,115
A3044          ,131
A3045          ,131
A3046          ,376
A3047          ,287
A3048          ,251
A3049          ,234
A3050          ,500
A3050T         ,500
A3051          ,845
A3052          ,845
A3053          ,845
A3054          ,502
A3054T         ,502
A3055          ,502
A3056          ,502
A3057          ,502
A3058          ,503
A3059          ,503
A3060          ,506
A3061          ,270
A3062          ,845
A3063          ,396
A3064          ,396
A3065          ,396
A3066          ,396
A3067          ,396
A3068          ,396
A3069          ,396
A3070          ,396
A3071          ,396
A3072          ,508
A3073          ,352
A3074          ,200
A3075          ,546
A3076          ,200
A3077          ,519
A3078          ,845
A3079          ,845
A3080          ,845
A3081          ,845
A3082          ,845
A3083          ,396
A3084          ,526
A3085          ,526
A3086          ,301
A3087          ,513
A3088          ,513
A3089          ,396
A3090          ,396
A3091          ,200
A3092          ,109
A3093          ,115
A3094          ,115
A3095          ,115
A3096          ,845
A3097          ,115
A3098          ,101
A3099          ,845
A3100          ,514
A3101          ,515
A3101T         ,515
A3102          ,516
A3103          ,336
A3104          ,115
A3105          ,342
A3106          ,209
A3107          ,277
A3108          ,204
A3109          ,297
A3111          ,845
A3112          ,845
A3113          ,845
A3114          ,845
A3115          ,845
A3116          ,845
A3117          ,845
A3118          ,845
A3119          ,845
A3120          ,287
A3121          ,715
A3122          ,715
A3123          ,336
A3124          ,336
A3125          ,522
A3126          ,277
A3127          ,523
A3128          ,523
A3129          ,524
A3130          ,525
A3131          ,199
A3132          ,199
A3133          ,199
A3134          ,199
A3135          ,527
A3135A         ,527
A3136          ,564
A3137          ,564
A3138          ,396
A3139          ,625
A3140          ,532
A3141          ,396
A3142          ,396
A3143          ,396
A3144          ,199
A3145          ,199
A3146          ,199
A3147          ,199
A3148          ,199
A3149          ,105
A3150          ,105
A3151          ,538
A3152          ,538
A3153          ,533
A3154          ,234
A3155          ,234
A3158          ,535
A3159          ,535
A3160          ,522
A3161          ,522
A3162          ,105
A3163          ,105
A3165          ,199
A3166          ,199
A3167          ,522
A3168          ,522
A3169          ,522
A3170          ,522
A3171          ,522
A3172          ,522
A3173          ,253
A3174          ,537
A3174M         ,537
A3175          ,522
A3176          ,199
A3177          ,845
A3179          ,565
A3180          ,901
A3181          ,901
A3182          ,522
A3183          ,199
A3184          ,199
A3185          ,945
A3186          ,945
A3187          ,522
A3188          ,125
A3189          ,125
A3190          ,522
A3191          ,125
A3192          ,125
A3193          ,541
A3194          ,541
A3195          ,541
A3196          ,541
A3197          ,541
A3198          ,541
A3199          ,541
A3200          ,125
A3201          ,125
A3202          ,125
A3203          ,287
A3204          ,372
A3205          ,372
A3206          ,540
A3207          ,540
A3208          ,542
A3209          ,540
A3210          ,945
A3211          ,543
A3212          ,544
A3213          ,544
A3214          ,544
A3215          ,544
A3216          ,544
A3217          ,544
A3218          ,544
A3219          ,544
A3220          ,544
A3221          ,253
A3222          ,125
A3223          ,199
A3224          ,199
A3225          ,540
A3225A         ,540
A3226          ,545
A3227          ,199
A3231          ,199
A3232          ,340
A3233          ,185
A3237          ,522
A3240          ,199
A3241          ,336
A3242          ,336
A3243          ,336
A3244          ,336
A3245          ,556
A3246          ,544
A3247          ,120
A3248          ,845
A3248A         ,845
A3249          ,845
A3250          ,845
A3251          ,522
A3252          ,199
A3253          ,125
A3254          ,540
A3255          ,845
A3256          ,547
A3257          ,522
A3259          ,199
A3260          ,547
A3261          ,547
A3262          ,199
A3263          ,544
A3264          ,544
A3265          ,550
A3266          ,550
A3267          ,557
A3268          ,547
A3269          ,199
A3270          ,522
A3271          ,522
A3272          ,522
A3273          ,547
A3275          ,553
A3276          ,553
A3277          ,553
A3278          ,553
A3279          ,547
A3280          ,547
A3281          ,547
A3282          ,561
A3283          ,125
A3284          ,547
A3285          ,108
A3286          ,547
A3287          ,199
A3288          ,199
A3289          ,550
A3290          ,550
A3291          ,547
A3292          ,547
A3293          ,298
A3294          ,270
A3295          ,362
A3296          ,554
A3297          ,554
A3298          ,125
A3299          ,547
A3300          ,557
A3301          ,541
A3302          ,541
A3303          ,541
A3304          ,992
A3305          ,541
A3306          ,541
A3308          ,541
A3309          ,541
A3310          ,199
A3311          ,199
A3312          ,125
A3314          ,108
A3315          ,557
A3316          ,557
A3317          ,550
A3318          ,547
A3320          ,544
A3321          ,547
A3322          ,547
A3323          ,353
A3324          ,547
A3325          ,547
A3326          ,705
A3327          ,705
A3328          ,705
A3328-FPI      ,159
A3329          ,199
A3330          ,199
A3331          ,336
A3332          ,336
A3335          ,705
A3336          ,705
A3337          ,705
A3338          ,705
A3344          ,900
A3348          ,541
A3349          ,541
A3350          ,541
A3351          ,541
A3352          ,541
A3353          ,541
A3354          ,541
A3356          ,572
A3359          ,541
A3360          ,307
A3361          ,115
A3362          ,611
A3363          ,199
A3364          ,199
A3365          ,199
A3366          ,425
A3367          ,425
A3368          ,425
A3369          ,425
A3370          ,425
A3371          ,425
A3372          ,425
A3373          ,546
A3374          ,430
A3375          ,425
A3376          ,425
A3377          ,425
A3378          ,425
A3379          ,185
A3380          ,270
A3381          ,125
A3382          ,253
A3384          ,522
A3384M         ,537
A3385          ,199
A3387          ,541
A3388          ,185
A3389          ,445
A3397          ,465
A3402          ,845
A3403          ,575
A3404          ,445
A3405          ,445
A3407          ,199
A3408          ,115
A3409          ,115
A3410          ,115
A3411          ,115
A3413          ,214
A3414          ,214
A3415          ,199
A3416          ,471
A3418          ,445
A3419          ,537
A3420          ,565
A3421          ,199
A3422          ,199
A3423          ,199
A3424          ,199
A3425          ,199
A3427          ,199
A3428          ,199
A3429          ,199
A3430          ,199
A3431          ,199
A3436          ,557
A3437          ,557
A3438          ,445
A3439          ,900
A3440          ,251
A3441          ,553
A3442          ,199
A3443          ,553
A3444          ,430
A3446          ,541
A3449          ,541
A3450          ,541
A3453          ,541
A3454          ,553
A3455          ,553
A3456          ,553
A3457          ,553
A3458          ,553
A3459          ,480
A3460          ,553
A3461          ,199
A3462          ,553
A3465          ,660
A3466          ,845
A3467          ,845
A3472          ,495
A3473          ,495
A3474          ,199
A3479          ,549
A3481          ,556
A3484          ,199
A3485          ,199
A3486          ,200
A3487          ,200
A3490          ,557
A3491          ,557
A3492          ,557
A3493          ,557
A3498          ,116
A3499          ,495
A3500          ,199
A3502          ,199
A3503          ,900
A3506          ,945
A3507          ,495
A3510          ,945
A3516          ,128
A3517          ,119
A3519          ,445
A3520          ,199
A3523          ,575
A3525          ,557
A3526          ,557
A3528          ,541
A3529          ,121
A3530          ,396
A3531          ,396
A3532          ,945
A3533          ,121
A3534          ,199
A3535          ,575
A3536          ,199
A3540          ,270
A3542          ,553
A3546          ,199
A3547          ,123
A3551          ,129
A3553          ,845
A3554          ,845
A3555          ,336
A3556          ,118
A3557          ,199
A3558          ,199
A3563          ,557
A3566          ,116
A3568          ,214
A3572          ,123
A3573          ,116
A3577          ,845
A3578          ,845
A3579          ,565
A3580          ,565
A3581          ,199
A3582          ,199
A3583          ,199
A3584          ,149
A3585          ,149
A3586          ,553
A3587          ,124
A3588          ,553
A3589          ,199
A3591          ,200
A3592          ,138
A3593          ,138
A3594          ,199
A3595          ,199
A3596          ,199
A3597          ,199
A3598          ,199
A3601          ,553
A3602          ,199
A3603          ,116
A3604          ,115
A3606          ,142
A3610          ,144
A3617          ,945
A3618          ,549
A3619          ,116
A3620          ,525
A3621          ,525
A3622          ,945
A3624          ,199
A3630          ,124
A3631          ,124
A3633          ,471
A3634          ,471
A3635          ,471
A3636          ,471
A3637          ,471
A3638          ,471
A3639          ,471
A3640          ,471
A3641          ,471
A3642          ,115
A3644          ,465
A3645          ,557
A3646          ,465
A3647          ,200
A3648          ,525
A3649          ,525
A3655          ,121
A3656          ,121
A3657          ,557
A3658          ,121
A3659          ,121
A3661          ,158
A3663          ,161
A3672          ,199
A3673          ,199
A3674          ,199
A3677          ,270
A3680          ,121
BARS           ,509
BIKE           ,308
BIKE1          ,308
BIKE2          ,308
BIKE3          ,308
BIKE4          ,308
BIKE5          ,308
BIKE6          ,308
BOOK           ,251
BOOKS          ,251
BP1            ,998
BRNA2          ,0
B958           ,256
CANCEL. FEE    ,996
CAP            ,0
CAROL          ,396
CLUB           ,0
COAST          ,0
DFRM           ,289
DONAL TOOLING  ,502
D007           ,219
D009           ,219
D011           ,219
D013           ,219
D015           ,219
D029           ,219
EXPEDITE       ,1
E280           ,234
FAB-BRAZE      ,509
FFF5           ,234
FRAME          ,278
FREIGHT ONLY   ,1
F1130          ,277
F1131          ,277
F357           ,660
F535           ,236
F536           ,236
F537           ,660
F612           ,236
GOLF           ,0
GOLF-PROTOTYPE ,356
GOLF1          ,324
GRIP           ,998
GUN            ,0
G127           ,352
G128           ,352
H.T.           ,286
HAND           ,296
HEAT TREAT     ,440
HEATTREATPANELS,660
H001           ,185
H1310          ,0
INDR           ,0
INSP           ,0
INTRACOM PARTS ,340
JFRM           ,289
J15B           ,248
J15M           ,248
J15S           ,248
KOU9           ,530
KXRN3          ,530
L/O            ,0
LUG            ,348
LWR            ,376
MISC           ,271
MISC1          ,1
MISC2          ,1
MISC3          ,559
MMC SAMPLES    ,505
M200           ,259
N10B           ,247
N10C           ,247
OU20           ,530
PART1          ,308
PEDL           ,348
PENETRANT      ,202
PENETRANT TEST ,450
PREM           ,0
PROTOTYPE      ,257
P778           ,230
P812           ,230
Q026           ,530
Q122           ,239
RE-WORK        ,1
SAM1           ,103
SAM2           ,1
SAM3           ,103
SA3008         ,845
SA3009         ,845
SA3041         ,234
SA3046         ,376
SA3047         ,251
SA3104         ,115
SA3109         ,297
SA3122         ,715
SA3127         ,523
SA3128         ,523
SA3131         ,199
SA3133         ,199
SA3134         ,199
SA3135         ,527
SA3135A        ,527
SA3136         ,529
SA3137         ,529
SA3138         ,396
SA3139         ,531
SA3140         ,532
SA3141         ,396
SA3142         ,396
SA3143         ,396
SA3144         ,199
SA3145         ,199
SA3146         ,199
SA3147         ,199
SA3148         ,199
SA3149         ,105
SA3150         ,105
SA3151         ,533
SA3152         ,533
SA3153         ,533
SA3154         ,234
SA3155         ,234
SA3156         ,845
SA3157         ,845
SA3158         ,535
SA3159         ,535
SA3160         ,522
SA3161         ,522
SA3162         ,105
SA3163         ,105
SA3164         ,536
SA3165         ,199
SA3166         ,199
SA3167         ,522
SA3168         ,522
SA3169         ,522
SA3170         ,522
SA3171         ,522
SA3172         ,522
SA3173         ,253
SA3174         ,537
SA3175         ,522
SA3176         ,199
SA3177         ,845
SA3178         ,530
SA3179         ,214
SA3180         ,540
SA3181         ,540
SA3182         ,522
SA3183         ,199
SA3184         ,199
SA3185         ,945
SA3186         ,945
SA3187         ,537
SA3188         ,522
SA3189         ,522
SA3190         ,522
SA3191         ,253
SA3192         ,522
SA3193         ,541
SA3194         ,541
SA3195         ,541
SA3196         ,541
SA3197         ,541
SA3198         ,541
SA3199         ,541
SA3200         ,253
SA3201         ,253
SA3202         ,253
SA3203         ,251
SA3204         ,531
SA3205         ,531
SA3206         ,540
SA3207         ,540
SA3208         ,540
SA3209         ,540
SA3210         ,945
SA3210T        ,945
SA3211         ,543
SA3212         ,544
SA3213         ,544
SA3214         ,544
SA3215         ,544
SA3216         ,544
SA3217         ,544
SA3218         ,544
SA3219         ,544
SA3220         ,544
SA3221         ,253
SA3222         ,253
SA3223         ,199
SA3224         ,199
SA3225         ,540
SA3226         ,545
SA3227         ,199
SA3228         ,199
SA3229         ,199
SA3230         ,199
SA3231         ,199
SA3232         ,340
SA3233         ,185
SA3234         ,547
SA3235         ,547
SA3237         ,522
SA3238         ,547
SA3239         ,547
SA3240         ,199
SA3241         ,336
SA3242         ,336
SA3243         ,336
SA3244         ,336
SA3245         ,549
SA3246         ,544
SA3247         ,548
SA3248         ,845
SA3249         ,845
SA3250         ,845
SA3251         ,522
SA3252         ,199
SA3253         ,105
SA3254         ,540
SA3255         ,845
SA3256         ,547
SA3257         ,522
SA3258         ,336
SA3259         ,199
SA3260         ,547
SA3261         ,547
SA3262         ,199
SA3263         ,544
SA3264         ,544
SA3265         ,550
SA3266         ,550
SA3267         ,557
SA3268         ,547
SA3269         ,199
SA3270         ,522
SA3271         ,522
SA3272         ,522
SA3273         ,547
SA3274         ,396
SA3275         ,553
SA3276         ,553
SA3277         ,553
SA3278         ,553
SA3279         ,547
SA3280         ,547
SA3281         ,547
SA3282         ,550
SA3283         ,522
SA3284         ,547
SA3286         ,547
SA3287         ,199
SA3288         ,199
SA3289         ,550
SA3290         ,550
SA3291         ,547
SA3292         ,547
SA3293         ,298
SA3294         ,270
SA3296         ,554
SA3297         ,554
SA3298         ,522
SA3299         ,547
SA3300         ,557
SA3301         ,541
SA3302         ,541
SA3303         ,541
SA3304         ,549
SA3305         ,541
SA3306         ,541
SA3307         ,541
SA3308         ,541
SA3309         ,541
SA3310         ,199
SA3311         ,199
SA3312         ,522
SA3313         ,522
SA3315         ,557
SA3316         ,557
SA3317         ,550
SA3318         ,547
SA3319         ,541
SA3320         ,544
SA3321         ,547
SA3322         ,547
SA3323         ,563
SA3324         ,547
SA3325         ,547
SA3326         ,541
SA3327         ,541
SA3328         ,541
SA3329         ,199
SA3330         ,199
SA3331         ,336
SA3332         ,336
SA3333         ,562
SA3334         ,108
SA3335         ,541
SA3336         ,541
SA3337         ,541
SA3338         ,541
SA3339         ,541
SA3340         ,541
SA3341         ,541
SA3342         ,541
SA3343         ,567
SA3344         ,900
SA3345         ,569
SA3346         ,570
SA3347         ,570
SA3348         ,541
SA3349         ,541
SA3350         ,541
SA3351         ,541
SA3352         ,541
SA3353         ,541
SA3354         ,541
SA3355         ,522
SA3356         ,572
SA3357         ,570
SA3359         ,541
SA3360         ,307
SA3361         ,115
SA3362         ,611
SA3363         ,199
SA3364         ,199
SA3365         ,199
SA3366         ,425
SA3367         ,425
SA3368         ,425
SA3369         ,425
SA3370         ,425
SA3371         ,425
SA3372         ,425
SA3373         ,546
SA3374         ,430
SA3375         ,425
SA3376         ,425
SA3377         ,425
SA3378         ,425
SA3379         ,185
SA3380         ,270
SA3381         ,522
SA3382         ,105
SA3384         ,522
SA3385         ,199
SA3386         ,570
SA3387         ,541
SA3388         ,185
SA3389         ,445
SA3397         ,465
SA3402         ,845
SA3403         ,575
SA3404         ,445
SA3405         ,445
SA3406         ,567
SA3407         ,199
SA3408         ,115
SA3409         ,115
SA3410         ,115
SA3411         ,115
SA3413         ,214
SA3414         ,214
SA3415         ,199
SA3416         ,471
SA3418         ,445
SA3419         ,522
SA3420         ,565
SA3421         ,199
SA3422         ,199
SA3423         ,199
SA3424         ,199
SA3425         ,199
SA3426         ,541
SA3427         ,199
SA3428         ,199
SA3429         ,199
SA3430         ,199
SA3431         ,199
SA3436         ,557
SA3437         ,557
SA3438         ,445
SA3439         ,563
SA3441         ,553
SA3442         ,199
SA3443         ,553
SA3444         ,430
SA3445         ,541
SA3446         ,541
SA3447         ,541
SA3448         ,541
SA3449         ,541
SA3450         ,541
SA3451         ,541
SA3452         ,541
SA3453         ,541
SA3454         ,553
SA3455         ,553
SA3456         ,553
SA3457         ,553
SA3458         ,553
SA3459         ,480
SA3460         ,553
SA3461         ,199
SA3462         ,553
SA3465         ,660
SA3466         ,845
SA3467         ,845
SA3468         ,845
SA3469         ,845
SA3472         ,495
SA3473         ,495
SA3474         ,199
SA3479         ,549
SA3481         ,549
SA3482         ,553
SA3483         ,530
SA3484         ,199
SA3485         ,199
SA3486         ,285
SA3487         ,285
SA3488         ,285
SA3489         ,200
SA3490         ,557
SA3491         ,557
SA3492         ,557
SA3493         ,557
SA3498         ,116
SA3499         ,495
SA3500         ,199
SA3502         ,199
SA3503         ,900
SA3504         ,522
SA3505         ,522
SA3506         ,945
SA3507         ,495
SA3510         ,945
SA3516         ,118
SA3517         ,118
SA3519         ,445
SA3520         ,199
SA3522         ,199
SA3523         ,575
SA3525         ,557
SA3526         ,557
SA3528         ,541
SA3529         ,121
SA3530         ,396
SA3531         ,396
SA3532         ,945
SA3533         ,121
SA3534         ,199
SA3535         ,575
SA3536         ,199
SA3540         ,270
SA3542         ,553
SA3546         ,199
SA3547         ,123
SA3551         ,129
SA3551A        ,129
SA3553         ,845
SA3554         ,845
SA3555         ,336
SA3556         ,118
SA3557         ,199
SA3558         ,199
SA3563         ,557
SA3568         ,214
SA3569         ,575
SA3572         ,123
SA3573         ,116
SA3577         ,845
SA3578         ,845
SA3579         ,565
SA3580         ,565
SA3581         ,199
SA3582         ,199
SA3583         ,199
SA3584         ,553
SA3585         ,553
SA3586         ,553
SA3587         ,553
SA3588         ,199
SA3589         ,199
SA3591         ,138
SA3592         ,138
SA3593         ,138
SA3594         ,199
SA3595         ,199
SA3596         ,199
SA3597         ,199
SA3598         ,199
SA3601         ,553
SA3602         ,199
SA3603         ,116
SA3604         ,115
SA3605         ,115
SA3606         ,142
SA3609         ,143
SA3610         ,144
SA3611         ,445
SA3617         ,945
SA3618         ,549
SA3619         ,116
SA3620         ,525
SA3621         ,525
SA3622         ,945
SA3624         ,199
SA3630         ,124
SA3631         ,124
SA3633         ,471
SA3634         ,471
SA3635         ,471
SA3636         ,471
SA3637         ,471
SA3638         ,471
SA3639         ,471
SA3640         ,471
SA3641         ,471
SA3642         ,115
SA3643         ,115
SA3644         ,465
SA3645         ,465
SA3646         ,465
SA3647         ,200
SA3648         ,525
SA3649         ,525
SA3650         ,445
SA3655         ,121
SA3656         ,121
SA3657         ,557
SA3658         ,121
SA3659         ,121
SA3661         ,197
SA3663         ,161
SA3671         ,945
SA3672         ,199
SA3673         ,199
SA3674         ,199
SA3677         ,270
SA3680         ,121
SET-UPS        ,530
SHELLS         ,534
SINGLE TEST BAR,1
SLAQC          ,1
SLA3193        ,541
SLA3194        ,541
SLA3196        ,541
SLA3197        ,541
SLA3198        ,541
SLA3199        ,541
SLA3357        ,570
SLA3365        ,199
SLA3379        ,185
SLA3383        ,570
SLA3386        ,570
SLA3389        ,445
SLA3390        ,115
SLA3391        ,115
SLA3392        ,115
SLA3393        ,115
SLA3394        ,455
SLA3395        ,455
SLA3396        ,465
SLA3397        ,465
SLA3398        ,465
SLA3399        ,465
SLA3400        ,465
SLA3401        ,570
SLA3403        ,575
SLA3412        ,580
SLA3416        ,470
SLA3417        ,475
SLA3418        ,445
SLA3426        ,541
SLA3427        ,199
SLA3428        ,199
SLA3429        ,199
SLA3430        ,199
SLA3431        ,199
SLA3432        ,199
SLA3433        ,199
SLA3434        ,199
SLA3435        ,199
SLA3438        ,445
SLA3454        ,553
SLA3455        ,553
SLA3457        ,553
SLA3458        ,553
SLA3459        ,480
SLA3462        ,553
SLA3463        ,567
SLA3464        ,567
SLA3470        ,199
SLA3471        ,199
SLA3475        ,567
SLA3476        ,567
SLA3477        ,570
SLA3478        ,845
SLA3480        ,553
SLA3494        ,117
SLA3495        ,117
SLA3496        ,117
SLA3497        ,117
SLA3508        ,115
SLA3509        ,115
SLA3511        ,105
SLA3512        ,105
SLA3513        ,199
SLA3514        ,199
SLA3515        ,199
SLA3518        ,567
SLA3519        ,445
SLA3524        ,199
SLA3527        ,199
SLA3530        ,396
SLA3531        ,396
SLA3537        ,553
SLA3538        ,455
SLA3539        ,455
SLA3541        ,123
SLA3542        ,553
SLA3543        ,567
SLA3544        ,553
SLA3545        ,553
SLA3547        ,123
SLA3548        ,199
SLA3549        ,199
SLA3550        ,199
SLA3551        ,129
SLA3552        ,132
SLA3557        ,199
SLA3559        ,465
SLA3560        ,199
SLA3561        ,574
SLA3562        ,574
SLA3564        ,567
SLA3565        ,567
SLA3570        ,105
SLA3571        ,553
SLA3572        ,123
SLA3574        ,455
SLA3575        ,455
SLA3576        ,567
SLA3589        ,553
SLA3590        ,553
SLA3599        ,199
SLA3600        ,199
SLA3604        ,115
SLA3605        ,115
SLA3607        ,541
SLA3608        ,567
SLA3609        ,143
SLA3612        ,567
SLA3613        ,567
SLA3614        ,123
SLA3615        ,123
SLA3616        ,123
SLA3618        ,549
SLA3623        ,123
SLA3625        ,123
SLA3626        ,148
SLA3627        ,560
SLA3628        ,560
SLA3629        ,567
SLA3632        ,199
SLA3642        ,115
SLA3643        ,115
SLA3650        ,445
SLA3651        ,445
SLA3652        ,445
SLA3653        ,445
SLA3654        ,567
SLA3660        ,553
SLA3661        ,197
SLA3662        ,471
SLA3664        ,123
SLA3665        ,125
SLA3666        ,197
SLA3667        ,105
SLA3668        ,567
SLA3669        ,567
SLA3670        ,471
SLA3672        ,199
SLA3673        ,199
SLA3674        ,199
SLA3675        ,199
SLA3676        ,199
SLA3678        ,471
SLA3679        ,199
SOLE           ,0
STEP           ,1
STG            ,0
ST002          ,1
S3032          ,336
S4977          ,405
S5113          ,405
S9200          ,251
TEST ADD1      ,1
TEST BAR       ,10
TEST BARS      ,166
TOOL           ,0
TOOLING        ,522
TP001          ,1
TRAY           ,0
V002           ,340
V014           ,530
V017           ,530
WELD           ,440
WHALE          ,0
WLD123         ,200
WTP1           ,1
WTP2           ,1
W00200         ,530
W00210         ,530
W00300         ,530
XRAY           ,126
XRN3           ,530
Z020           ,530
0001           ,251
0002           ,373
0010           ,845
0017           ,362
0019           ,0
0024           ,299
0026           ,254
0027           ,0
0030           ,100
0031           ,845
0032           ,845
0041           ,845
0043           ,0
0046           ,298
0051           ,845
0053           ,358
0055           ,0
0059           ,234
006C           ,297
0065           ,0
0068           ,102
0072           ,266
0081           ,845
0084           ,298
0101           ,845
0102           ,845
0142           ,200
0152           ,0
0154           ,327
0186           ,0
0200           ,340
0201           ,301
0202           ,340
0204           ,340
0206           ,340
0210           ,530
0223           ,0
0240           ,0
0241           ,0
0242           ,314
0254           ,0
0256           ,0
0267           ,0
0297           ,363
0299           ,363
0301           ,251
0314           ,0
0330           ,200
0331           ,200
0342           ,215
0349           ,0
0394           ,292
0401           ,251
0402           ,301
0403           ,347
0416           ,0
0422           ,234
0434           ,200
0442           ,715
0455           ,0
0456           ,0
0458           ,0
0462           ,366
05P1           ,560
0501           ,251
0502           ,200
0503           ,0
0510           ,0
0516           ,200
0529           ,0
0531           ,845
0533           ,0
0544           ,0
0545           ,0
0551           ,845
06P1           ,560
0600           ,212
0600T          ,212
0601           ,530
0613           ,255
0631           ,0
0708           ,0
0792           ,255
0793           ,255
0808           ,303
0832           ,311
0839           ,208
0855           ,0
0877           ,815
0878           ,815
0879           ,815
0900           ,0
0909           ,0
0910           ,0
0917           ,815
0926           ,328
0971           ,0
0973           ,0
0974           ,222
0975           ,222
0977           ,222
10-96          ,1
1002           ,396
1004           ,373
1006           ,222
1007           ,237
1009           ,373
1042           ,200
1050           ,520
1100           ,530
1101           ,415
1120           ,294
1124           ,277
1130           ,277
1131           ,277
1160           ,0
1171           ,307
1182           ,415
1183           ,415
1185           ,415
1186           ,277
1191           ,415
1196           ,415
1197           ,0
1200           ,571
1201           ,558
1208           ,150
1209           ,150
1232           ,530
1233           ,0
1234           ,215
1291           ,200
1298           ,925
1303           ,925
1306           ,150
1357           ,0
1358           ,200
1376           ,200
1380           ,200
13802          ,200
1381           ,200
1383           ,200
1386           ,200
1387           ,200
1388           ,200
1389           ,200
1391           ,200
1392           ,0
1393           ,0
1394           ,0
1395           ,200
1396           ,200
1397           ,200
1398           ,200
1400           ,200
1400I          ,517
1401           ,200
1402           ,200
1403           ,530
1405           ,200
1406           ,200
1408           ,200
1408I          ,517
1409           ,200
141S           ,0
1410           ,200
1411           ,200
1412           ,200
1413           ,200
1415           ,200
1416           ,200
1417           ,200
1418           ,200
1420           ,200
1421           ,200
14212          ,200
1422           ,0
1423           ,200
1425           ,200
1425I          ,517
1427           ,0
1430           ,200
14302          ,200
1431           ,200
1438           ,200
1439           ,200
1451           ,200
1452           ,975
1452I          ,517
1453           ,975
1463           ,0
1500           ,312
1552           ,226
1561           ,280
1562           ,0
1586           ,0
1601           ,251
1607           ,280
1661           ,0
1679           ,200
1682           ,0
1683           ,0
1701           ,775
1709           ,0
1744           ,530
1763           ,0
1811           ,265
1814           ,900
1823           ,325
1830           ,325
1840           ,530
1846           ,0
1883           ,0
1897           ,0
1906           ,530
1911           ,998
1916           ,0
1934           ,332
1939           ,307
1947           ,332
195C           ,573
1971           ,315
1981           ,0
1982           ,315
1990           ,271
1993           ,530
2000           ,830
2001           ,830
2005           ,0
2009           ,0
2012           ,0
2016           ,530
2020           ,530
2035           ,0
2043           ,0
2049           ,0
2050           ,200
2080           ,830
2088           ,0
2100           ,830
2107           ,830
2109           ,207
2110           ,830
2113           ,0
2114           ,0
2115           ,0
2117           ,0
2118           ,0
2124           ,0
2125           ,0
2127           ,0
2128           ,0
2130           ,830
2132           ,357
2133           ,0
2140           ,830
2143           ,0
2155           ,530
2160           ,830
2165           ,288
2170           ,830
2200           ,0
2202           ,0
2209           ,0
2210           ,0
2221           ,0
2230           ,0
2231           ,261
2234           ,0
2250           ,530
2252           ,0
2261           ,234
2264           ,530
2272           ,0
2281           ,234
2305           ,530
2309           ,365
2318           ,0
2328           ,234
2357           ,135
2359           ,530
2361           ,0
2362           ,0
2376           ,135
2385           ,0
2390           ,994
2403           ,135
2410           ,135
2410A          ,0
2417           ,234
2419           ,234
2441           ,0
2451           ,0
2452           ,0
2465           ,262
2467           ,262
2491           ,262
2501           ,0
2513           ,530
2546           ,530
2560           ,0
2600           ,830
2603           ,530
2604           ,530
2608           ,262
2673           ,530
2674           ,530
2675           ,530
2706           ,530
2718           ,541
2730           ,830
2737           ,420
2766           ,0
2767           ,175
2769           ,200
2769I          ,517
2770           ,200
2770I          ,517
2773           ,245
2776           ,245
2779           ,0
2802           ,395
2840           ,0
2843           ,0
2849           ,530
2857           ,0
2887           ,200
2891           ,0
2892           ,0
2956           ,200
2969           ,361
2974           ,363
2975           ,363
2997           ,363
3000           ,830
3001           ,262
3003           ,0
3020           ,347
3021           ,0
3058           ,351
3059           ,351
3076           ,249
3078           ,276
3099           ,0
3100           ,373
3102           ,245
3107           ,530
3135           ,0
3143           ,530
3154           ,530
3186           ,530
3193           ,0
3202           ,998
3214           ,274
3221           ,253
3231           ,105
3254           ,0
3255           ,0
3257           ,0
3258           ,0
3355           ,530
3387           ,530
3415           ,335
3434           ,245
3437           ,715
3441           ,0
3442           ,0
3457           ,900
3479           ,715
3482           ,530
3511           ,200
3512           ,0
3513           ,0
3514           ,0
3521           ,253
3524           ,245
3534           ,245
3541           ,253
3543           ,200
355T6          ,113
3551           ,105
3610           ,530
3612           ,530
3614           ,530
36141          ,865
3618           ,367
3630           ,565
3640           ,830
3648           ,530
3649           ,530
3671           ,185
3700           ,340
3705           ,530
3707           ,530
3725           ,309
3763           ,247
3778           ,530
3779           ,530
3780           ,530
3781           ,530
3782           ,530
3801           ,585
3811           ,276
3883           ,255
3894           ,0
3895           ,0
3900           ,530
3902           ,530
3915           ,165
3942           ,900
3949           ,998
3979           ,237
3980           ,237
3997           ,0
3999           ,165
4003           ,845
4004           ,845
4005           ,845
4006           ,845
4009           ,845
4010           ,845
4025           ,244
4052           ,0
4057           ,200
4069           ,0
4084           ,0
4087           ,200
4088           ,0
4089           ,0
4096           ,0
4097           ,0
4100           ,830
4127           ,234
4154           ,234
4173           ,395
4174           ,395
4175           ,395
4190           ,272
4196           ,165
4200           ,830
4201           ,0
4211           ,234
4212           ,165
4220           ,0
4228           ,950
4258           ,755
4300           ,830
4306           ,200
4310           ,200
4359           ,195
4361           ,0
4371           ,200
4372           ,200
4401           ,251
4433           ,0
4435           ,0
4436           ,200
4472           ,280
4487           ,0
4490           ,0
4495           ,0
4526           ,0
4571           ,245
4601           ,251
4619           ,200
4621           ,363
4622           ,363
4696           ,200
4702           ,0
4758           ,200
4759           ,200
4767           ,0
4800           ,845
4836           ,0
4837           ,0
4838           ,0
4856           ,200
4859           ,0
4872           ,200
4874           ,0
4876           ,0
4879           ,200
4896           ,0
4914           ,200
4915           ,200
4937           ,200
4963           ,204
4977           ,405
5001           ,0
5002           ,980
5003           ,845
5004           ,845
5005           ,845
5024           ,0
5041           ,245
5045           ,0
5069           ,0
5070           ,0
5073           ,0
5088           ,245
5100           ,0
5101           ,980
5103           ,0
5109           ,245
5112           ,0
5113           ,405
5117           ,0
5128           ,925
5140           ,0
5162           ,0
5170           ,270
5193           ,200
5202           ,349
5211           ,405
5212           ,405
5274           ,0
5305           ,245
5322           ,245
5349           ,905
5361           ,970
5364           ,165
5368           ,0
5386           ,0
5388           ,0
5389           ,200
5390           ,0
5403           ,287
5411           ,405
5412           ,405
5415           ,220
5466           ,0
5552           ,0
5588           ,0
5589           ,0
5600           ,0
5606           ,0
5610           ,252
5611           ,256
5621           ,256
5646           ,155
5648           ,256
5690           ,775
5721           ,970
5794           ,0
5845           ,112
5846           ,112
5847           ,268
5855           ,245
5867           ,154
5868           ,277
5869           ,277
5882           ,322
5902           ,530
5903           ,251
5917           ,390
5965           ,0
5970           ,0
5971           ,277
6001           ,830
6003           ,396
6004           ,530
6013           ,845
6014           ,845
6016           ,264
6030           ,411
6030M          ,411
6040           ,775
6066           ,268
6097           ,390
60971          ,0
6101           ,251
6105           ,252
6107           ,252
6108           ,0
6130           ,245
6131           ,0
6142           ,0
6163           ,0
6201           ,287
6221           ,900
6224           ,900
6263           ,0
6268           ,0
6328           ,0
6330           ,0
6389           ,234
6398           ,234
6399           ,234
6400           ,200
6400I          ,517
6403           ,234
6414           ,234
6427           ,234
643R           ,234
6445           ,0
6460           ,234
6461           ,234
6469           ,270
6471           ,234
6484           ,234
6499           ,234
6500           ,530
6501           ,830
6543           ,336
6546           ,336
6550           ,0
6561           ,0
6562           ,0
6574           ,0
6600           ,251
6638           ,217
6646           ,207
6651           ,850
6652           ,850
6674           ,0
6677           ,326
6701           ,252
6702           ,252
6713           ,114
6721           ,0
6731           ,200
6732           ,0
6763           ,0
6774           ,0
6796           ,0
6825           ,270
6842           ,249
6843           ,249
6862           ,0
6870           ,0
6878           ,0
6892           ,620
6901           ,251
6902           ,251
6954           ,369
7000           ,0
7001           ,830
7002           ,845
7003           ,845
7004           ,845
7015           ,710
7020           ,234
7021           ,364
7050           ,212
7056           ,539
7057           ,539
7058           ,267
7065           ,0
7068           ,0
7080           ,207
7091           ,0
7100           ,0
7124           ,945
7125           ,945
7191           ,0
7193           ,0
7206           ,610
7208           ,900
7211           ,200
7213           ,0
7215           ,0
7216           ,0
7217           ,0
7218           ,0
7219           ,275
7221           ,330
7222           ,620
7244           ,0
7249           ,0
7251           ,985
7255           ,0
7257           ,0
7261           ,0
7302           ,251
7328           ,0
7329           ,0
7367           ,0
7368           ,0
7370           ,269
7432           ,0
7457           ,0
7490           ,200
7511           ,268
7512           ,268
7561           ,0
7567           ,0
7572           ,0
7586           ,277
7670           ,251
7690           ,251
7700           ,269
7720           ,0
7901           ,252
7971           ,0
8001           ,372
8002           ,845
8003           ,845
8008           ,0
8009           ,0
8010           ,0
8027           ,0
8041           ,0
8043           ,0
8046           ,0
8051           ,306
8071           ,270
8075           ,234
8101           ,252
8120           ,291
8141           ,245
8148           ,0
8194           ,0
8201           ,775
8211           ,282
8213           ,279
8231           ,282
8233           ,279
8244           ,298
8260           ,0
8267           ,281
8269           ,281
8301           ,775
8302           ,775
8303           ,0
8341           ,230
8342           ,230
8365           ,0
8375           ,208
8382           ,0
8415           ,0
8440           ,0
8443           ,0
8461           ,270
8501           ,251
8505           ,0
8509           ,208
8512           ,185
8560           ,999
8600           ,0
8631           ,462
8633           ,462
8635           ,110
8646           ,462
8651           ,815
8652           ,815
8659           ,110
8681           ,462
8700           ,269
8701           ,251
8718           ,0
8752           ,0
8753           ,0
8754           ,0
8801           ,0
8811           ,0
8838           ,0
8851           ,335
8873           ,0
8931           ,0
8949           ,165
8961           ,200
8962           ,200
8976           ,317
9002           ,234
9003           ,234
9004           ,845
9005           ,845
9018           ,200
9087           ,0
9141           ,249
9142           ,234
9145           ,234
9150           ,135
9171           ,234
9192           ,307
9195           ,234
9200           ,251
9201           ,945
9202           ,945
9203           ,490
9204           ,485
9220           ,0
9246           ,0
9247           ,200
9247I          ,517
9252           ,198
9252I          ,517
9278           ,0
9300           ,245
9389           ,307
9390           ,307
9392           ,307
9393           ,354
9394           ,354
9401           ,251
9410           ,135
9426           ,0
9427           ,0
9446           ,0
9447           ,0
9456           ,0
9472           ,0
9510           ,775
9520           ,326
9559           ,0
9581           ,0
9591           ,256
9607           ,0
9608           ,0
9628           ,0
9629           ,0
9635           ,0
9650           ,0
9666           ,0
9670           ,200
9673           ,0
9748           ,0
9749           ,227
9767           ,0
9796           ,0
9797           ,0
9807           ,0
9814           ,306
9821           ,317
9822           ,317
9823           ,0
9830           ,200
9859           ,135
9901           ,251
9930           ,750
9980           ,945
999999         ,502
A3501          ,549
SA3501         ,549
SA3681         ,143
SA3682         ,143
A3683          ,830
A3609          ,164
SLA3686        ,567
SA3652         ,445
A3652          ,445
A3452          ,541
HEAT-TREAT     ,166
A3643          ,115
SLA3687        ,549
A3605          ,115
A3600          ,199
A3681          ,143
SA3695         ,138
SLA3689        ,197
SLA3690        ,197
SLA3691        ,197
SLA3692        ,197
SLA3693        ,197
SLA3694        ,197
A3445          ,541
SLA3688        ,199
SLA3696        ,445
SA3600         ,199
A3695          ,138
A3682          ,143
A3504          ,522
SLA3697        ,167
SLA3699        ,445
A3592R         ,200
A3593R         ,200
A3700          ,200
A3701          ,200
SA3702         ,200
A3702          ,200
SA3701         ,200
SA3700         ,200
SA3703         ,200
A3703          ,200
A3626          ,148
SLA3707        ,167
SLA3706        ,167
SLA3704        ,845
SLA3698        ,167
SLA3705        ,167
A3599          ,199
SA3599         ,199
A3708          ,199
SA3708         ,199
SLA3709        ,199
A3632          ,199
A3710          ,199
A3391          ,115
SA3391         ,115
SA3626         ,148
SLA3636        ,471
SA3632         ,199
SA3710         ,199
A3711          ,200
SA3711         ,200
A3712          ,200
SA3712         ,200
SA3688         ,199
A3688          ,199
SLA3713        ,169
SLA3714        ,169
SLA3715        ,169
SLA3716        ,170
SLA3717        ,115
SLA3718        ,167
A3719          ,115
SA3719         ,115
SLA3721        ,167
SLA3720        ,199
SLA3722        ,396
SLA3723        ,471
SLA3684        ,197
WATERWASH      ,530
SLA3724        ,199
SA3699         ,445
A3699          ,445
SLA3727        ,199
SLA3725        ,445
A3696          ,445
A3709          ,199
A3650          ,445
SA3685         ,945
SLA3726        ,115
A3722          ,396
SA3722         ,396
SLA3729        ,170
SLA3728        ,170
9353           ,121
A3627          ,560
SA3627         ,560
SA3730         ,199
SLA3731        ,115
SA3732         ,560
SLA3733        ,172
SLA3734        ,199
SA3735         ,530
A3447          ,541
A3448          ,541
A3426          ,541
SA3735F        ,530
SA3735A        ,530
A3451          ,541
SLA3736        ,471
SA3737         ,541
A3737          ,541
A3730          ,199
SA3696         ,445
SLA3738        ,541
SLA3739        ,148
A3732          ,560
A3685          ,945
SLA3740        ,471
SLA3741        ,375
SA3709         ,199
SLA3745        ,199
SLA3746        ,197
SLA3747        ,375
SLA3748        ,375
SLA3749        ,148
SA3717         ,115
A3717          ,115
SLA3742        ,199
A3569          ,575
SA3747         ,375
SA3748         ,375
SLA3750        ,541
A3711-2        ,200
SA3628         ,560
SA3711-2       ,200
SLA3744        ,541
SLA3751        ,197
SLA3752        ,174
SA3753         ,197
TEST ENG TRIAL ,467
SLA3753        ,197
SA3754         ,430
A3754          ,430
SLA3743        ,199
SA3755         ,541
A3755          ,541
SA3756         ,541
A3756          ,541
SA3757         ,541
A3757          ,541
SLA3765        ,465
SA3758         ,541
A3758          ,541
SA3759         ,541
A3759          ,541
SA3760         ,541
SA3761         ,541
SA3762         ,541
A3760          ,541
A3761          ,541
A3762          ,541
SA3763         ,541
A3763          ,541
SA3764         ,541
A3764          ,541
A3628          ,560
SLA3766        ,199
SLA3767        ,181
SLA3768        ,181
SLA3769        ,547
SA3770         ,200
A3770          ,200
SLA3771        ,471
SLA3777        ,471
SLA3778        ,471
SLA3779        ,471
SLA3780        ,471
SLA3781        ,471
SA3782         ,575
A3782          ,575
SLA3772        ,471
SLA3773        ,471
SLA3774        ,471
SLA3775        ,471
SLA3776        ,471
A3179HP        ,565
SA3705         ,167
A3705          ,167
SLA3783        ,175
SA3784         ,199
A3784          ,199
SA3785         ,200
A3785          ,200
SLA3786        ,199
A3488          ,200
A3591R         ,138
A3489          ,200
A3747          ,375
A3748          ,375
A3787          ,998
SLA3788        ,471
SA3783         ,175
SA3789         ,945
A3789          ,945
SLA3790        ,471
SLA3791        ,777
SLA3792        ,199
SLA3793        ,199
SLA3794        ,199
SLA3795        ,167
A3783          ,175
SLA3797        ,465
SLA3796        ,465
SLA3798        ,375
SLA3799        ,175
SLA3800        ,465
SLA3801        ,790
SLA3802        ,199
SA3803         ,200
A3803          ,200
A3804          ,1000
SLA3805        ,945
SLA3806        ,945
SLA3807        ,945
SLA3808        ,199
SA3809         ,169
A3809          ,169
SA3063         ,396
SLA3811        ,199
SLA3812        ,199
SLA3815        ,199
SLA3817        ,199
SLA3816        ,199
SLA3814        ,199
SLA3813        ,199
SLA3810        ,199
A3365-3        ,199
SA3365-3       ,199
2316A-2 FPI/XRY,509
2316A-5 FPI/XRY,509
2316A-7 FPI/XRY,509
2316A-9 FPI/XRY,509
FPI/X-RAY      ,509
SA3064         ,396
SLA3818        ,606
SLA3819        ,606
SLA3821        ,465
SLA3822        ,465
SLA3820        ,205
SLA3823        ,199
SLA3824        ,199
SLA3825        ,199
SLA3826        ,199
SLA3827        ,199
SLA3828        ,199
SLA3829        ,197
SA3745         ,199
SLA3830        ,185
SA3830         ,185
A3830          ,185
SLA3831        ,115
SLA3832        ,115
A3745          ,199
SLA3833        ,197
SLA3834        ,197
SLA3835        ,197
SLA3836        ,197
A3606A         ,142
SLA3837        ,471
SLA3838        ,471
SA3606A        ,142
1416MT         ,378
SLA3839        ,197
SLA3840        ,197
SLA3841        ,1
4371MT         ,378
1413MT         ,378
1412MT         ,378
1391MT         ,378
SA3807         ,945
SA3842         ,175
SA3843         ,199
A3843          ,199
SA3844         ,945
A3844          ,945
SLA3845        ,188
SLA3846        ,199
SLA3847        ,199
SA3546B        ,199
A3546B         ,199
NU1006-2       ,166
SLA3848        ,188
SLA3850        ,199
SA3849         ,197
A3849          ,197
A3850          ,199
SA3056         ,502
SLA3851        ,174
1409MT         ,378
A3508          ,115
A3851          ,0
SLA3852        ,199
A3852          ,0
SLA3853        ,199
A3849M         ,197
SA3849M        ,197
1400MT         ,378
A3712MT        ,378
SLA3854        ,199
1405MT         ,378
A3854          ,0
SA3854         ,0
A3486MT        ,378
1402MT         ,378
A3488MT        ,378
1421MT         ,378
A3803MT        ,378
1387MT         ,378
1415MT         ,378
A3701MT        ,378
SLA3855        ,181
SLA3856        ,199
SLA3857        ,199
SLA3858        ,199
BOXES          ,530
A3842          ,199
A3523HP        ,1
SA3753HP       ,1
A3413HP        ,1
SLA3859        ,790
SLA3860        ,199
SLA3861        ,199
SLA3862        ,199
SLA3864        ,730
SLA3865        ,199
SLA3863        ,575
SA3866         ,105
SA3867         ,105
A3866          ,105
A3867          ,105
SLA3868        ,455
SA3864         ,214
A3864          ,214
SLA3869        ,115
SA3687         ,549
A3687          ,549
SA3806         ,945
A3806          ,945
SLA3870        ,1
SLA3871        ,455
A3872          ,200
SLA3874        ,575
SLA3873        ,575
SLA3875        ,199
SLA3876        ,199
SLA3877        ,575
SLA3878        ,575
SLA3879        ,575
SLA3870HP      ,1
SA3880         ,199
SLA3886        ,557
SLA3887        ,557
SLA3888        ,557
FPI/X-RAY-2    ,509
801C/W FPI/XRY ,509
802C/W FPI/XRY ,509
334C/C M/B F/X ,509
SLA3881        ,880
SLA3882        ,880
SLA3883        ,880
SLA3884        ,199
SLA3885        ,880
SLA3889        ,467
SLA3890        ,888
SLA3891        ,998
SA3892         ,452
SA3891         ,998
SLA3893        ,996
SLA3894        ,557
SLA3895        ,557
SA3897         ,945
A3897          ,945
1405-2         ,200
SA3390         ,115
A3390          ,115
SLA3898        ,467
SLA3899        ,467
SLA3900        ,467
SLA3901        ,565
SLA3902        ,467
A3712-2        ,200
SA3712-2       ,200
SA3875         ,199
A3875          ,199
A3452-FPI      ,429
SLA3896        ,557
SLA3907        ,199
SLA3905        ,167
SLA3908        ,199
SLA3906        ,880
SLA3909        ,880
SLA3910        ,880
A3880          ,199
SLA3911        ,197
SLA3912        ,549
SA3913         ,200
SA3914         ,124
SA3915         ,124
C9401          ,2
TIME           ,1
C9521          ,2
SLA3916        ,467
SLA3917        ,467
SLA3918        ,199
A3876          ,199
SA3876         ,199
SA3919         ,199
A3919          ,199
SLA3919        ,199
A3920          ,166
SA3903         ,169
A3903          ,169
SA3904         ,169
A3904          ,169
SA3921         ,821
A3921          ,821
A3922          ,605
SA3923         ,822
SLA3924        ,549
A3925          ,197
SAMPLE         ,1
SA3926         ,522
A3926          ,522
A3927          ,166
A3928          ,166
A3929          ,166
SLA3930        ,425
SLA3931        ,549
SLA3932        ,1
SA3911         ,197
A3911          ,197
A3933          ,200
SA3901         ,565
A3901          ,565
SA3850         ,199
A3934          ,882
A3935          ,882
A3936R         ,882
A3937L         ,882
A3937R         ,882
A3936L         ,882
SA3938         ,884
SA3939         ,884
A3938          ,884
A3939          ,884
A3940          ,166
SA3941         ,1
SLA3943        ,368
SLA3944        ,368
SLA3945        ,557
SA3942         ,169
A3942          ,169
SLA3947        ,886
SLA3946        ,199
SA3911M        ,197
A3911M         ,197
SLA3948        ,197
SLA3949        ,197
A3756-FPI      ,176
A3426-FPI      ,176
A3447-FPI      ,176
SLA3950        ,883
SLA3951        ,883
SLA3952        ,557
SA3953         ,563
A3953          ,563
SLA3954        ,886
A3916          ,467
SLA3955        ,336
SLA3956        ,336
SA3684         ,197
A3684          ,197
A3957          ,166
SLA3958        ,199
A3445-FPI      ,204
A3955          ,336
A3956          ,336
SLA3959        ,475
SLA3960        ,475
SLA3961        ,197
A3962L         ,882
A3963L         ,882
A3963R         ,882
A3451-FPI      ,176
SA3956         ,336
SA3955         ,336
SA3964         ,189
SA3965         ,189
SA3966         ,189
A3964          ,189
A3965          ,189
A3966          ,189
SA3967         ,189
SA3968         ,189
A3968          ,189
A3967          ,189
SA3916         ,467
SA3969         ,368
SLA3970        ,148
SA3881         ,880
SA3882         ,880
SA3883         ,880
SA3885         ,880
SA3971         ,845
A3971          ,845
SLA3972        ,522
A3973          ,605
A3974          ,605
SA3976         ,342
SA3977         ,547
SA3978         ,547
SA3979         ,547
A3977          ,547
A3978          ,547
A3979          ,547
SA3980         ,821
A3980          ,821
A3881          ,880
A3882          ,880
A3883          ,880
A3885          ,880
SLA3981        ,336
SLA3982        ,336
SLA3983        ,336
SLA3984        ,336
SLA3985        ,336
SLA3986        ,336
SLA3987        ,336
SLA3988        ,336
SLA3989        ,336
SLA3990        ,336
SLA3991        ,336
SLA3992        ,336
SLA3993        ,336
SA3994         ,200
A3994          ,200
SA4000         ,945
A4000          ,945
A3997          ,509
A3998          ,509
A3999          ,509
SLA3995        ,188
SLA3996        ,188
SLA4001        ,945
SLA4000        ,0
SLA4002        ,280
SLA4003        ,280
SLA4004        ,280
SA4005         ,336
A4005          ,336
SA4006         ,336
A4006          ,336
SA4007         ,336
A4007          ,336
A3913          ,200
SA3975         ,368
A3975          ,368
SA4008         ,167
A4008          ,167
SLA4009        ,945
SLA4010        ,170
SA4011         ,368
A4011          ,368
SLA4013        ,883
SLA4014        ,883
SLA4012        ,883
SLA4015        ,336
SLA4016        ,336
SA4017         ,541
A4017          ,541
SLA4018        ,148
A4001          ,945
SA4001         ,945
SA4009         ,945
A4009          ,945
SLA4019        ,883
SA4019         ,883
SLA4020        ,883
SLA4021        ,883
SLA4022        ,883
A4019          ,883
SLA4023        ,197
SLA4024        ,199
SA4024         ,199
A4024          ,199
SLA4026        ,910
SA3508         ,115
SA4025         ,547
SLA4027        ,425
A4028          ,845
SA4028         ,845
SLA4029        ,188
SLA4030        ,188
SA4031         ,188
SLA4032        ,336
A4031          ,188
SA4033         ,452
A4033          ,452
SA4034         ,541
A4034          ,541
SA4035         ,1
SLA4036        ,115
SLA4037        ,445
SLA4040        ,375
SLA4038        ,375
SLA4039        ,446
SLA4041        ,475
SLA4042        ,475
SA3958         ,199
A3958          ,199
SA4045         ,149
A4045          ,149
A4046          ,149
SA4046         ,149
SA3946         ,199
A3946          ,199
SA3902         ,467
A3902          ,467
A4047          ,166
SA3918         ,199
A3918          ,199
SLA4048        ,199
SLA4049        ,115
SLA4050        ,945
SA4050         ,945
A4050          ,945
SLA4051        ,935
SLA4044        ,452
SA4052         ,169
A4052          ,169
SLA4043        ,475
1409-FPI       ,204
SLA4053        ,375
SLA4054        ,375
SLA4055        ,375
SA3990         ,336
A3990          ,336
SA3991         ,336
A3991          ,336
A3992          ,336
SA3992         ,336
A3993          ,336
SA3993         ,336
SLA4059        ,883
SA4058         ,336
A4058          ,336
A4057          ,199
SA4057         ,199
SA4056         ,148
A4056          ,336
A3969          ,368
SLA4060        ,452
SLA4061        ,199
SLA4062        ,199
SLA4063        ,199
SLA4058        ,336
SA4032         ,336
SA3989         ,336
SLA4056        ,148
A4032          ,336
A3989          ,336
C9595          ,2
SA4064         ,656
A4064          ,656
SA4065         ,656
A4065          ,656
C4071          ,2
C4070          ,2
C4069          ,2
C4068          ,2
SLA4066        ,199
A4066          ,199
SA4066         ,199
SLA4067        ,199
A4067          ,199
SA4067         ,199
SLA4057        ,199
SLA4043M       ,475
SA4068         ,2
SA4069         ,2
SA4070         ,2
SLA4072        ,557
SA4072         ,557
A4072          ,557
SLA4073        ,115
SA4074         ,115
SA4075         ,115
SA4076         ,115
SA4073         ,115
A4073          ,115
A4074          ,115
A4075          ,115
A4076          ,115
A4077          ,343
A4078          ,343
SLA4079        ,199
SA4081         ,365
SA4080         ,396
A4080          ,396
SA3870         ,155
A3870          ,155
SA4082         ,992
A4082          ,992
SA4083         ,155
A4083          ,155
A4080M         ,396
SA4080M        ,396
SA3917         ,467
SA4027         ,425
A4027          ,425
0320           ,830
SLA4084        ,565
SLA4085        ,565
SLA4086        ,565
SLA4087        ,902
SLA4088        ,199
SLA4089        ,368
A4090          ,166
SA4091         ,830
A4091          ,830
A4088          ,0
A3917          ,467
A4092          ,166
SLA4094        ,115
SLA4093        ,115
SLA4095        ,557
SA4095         ,557
A4096          ,605
SA4097         ,991
SLA4098        ,883
SLA4099        ,553
SA4100         ,992
SA4101         ,992
A4097          ,991
SA4102         ,991
SA4013         ,883
SLA4104        ,902
SLA4105        ,902
SLA4106        ,902
SLA4107        ,902
SA4108         ,396
SA4109         ,396
A4108          ,396
A4109          ,396
SA4111         ,396
A4111          ,396
SA3018         ,396
A4103          ,991
A4102          ,991
SLA4112        ,199
SA4113         ,982
SA4113M        ,982
A4113          ,982
A4113M         ,982
SLA4113        ,982
SLA4113M       ,982
SLA4110        ,199
SLA4114        ,995
SA4049         ,115
A4049          ,115
SLA4115        ,883
SLA4116        ,148
SLA4117        ,475
SA4103         ,991
SLA4118        ,148
SLA4119        ,148
SLA4120        ,910
SA4121         ,445
A4121          ,445
SLA4122        ,336
SLA4123        ,883
SA4127         ,991
SA4128         ,921
A4128          ,921
SA4131         ,467
A4131          ,467
SLA4129        ,922
SA4015         ,336
A4015          ,336
SA4016         ,336
A4016          ,336
SA3981         ,336
A3981          ,336
SA3982         ,336
A3982          ,336
SA3983         ,336
A3983          ,336
SA3984         ,336
A3984          ,336
SA3985         ,336
A3985          ,336
SA3986         ,336
SA3987         ,336
A3987          ,336
SA3988         ,336
A3988          ,336
A3986          ,336
SLA4132        ,883
SLA4130        ,883
SA4124         ,991
A4124          ,991
SA4125         ,991
A4125          ,991
A4126          ,991
SA4126         ,991
SA4133         ,945
A4133          ,945
SLA4134        ,475
SA4135         ,982
SA4142         ,991
A4142          ,991
SA4143         ,923
SLA4136        ,883
SLA4137        ,883
SLA4138        ,883
SLA4139        ,883
SLA4140        ,883
SLA4141        ,883
SLA4144        ,199
SA4145         ,133
SA4145M        ,133
SLA4146        ,883
SLA4147        ,883
SA4148         ,921
A4148          ,921
SA4149         ,991
A4149          ,991
SA4150         ,991
A4150          ,991
SLA4151        ,475
SLA4151M       ,475
SLA4152        ,475
SLA4152M       ,475
SLA4153        ,188
SLA4154        ,188
SA4156         ,188
A4156          ,188
SA4155         ,336
SA4084         ,565
A4084          ,565
SA4085         ,565
A4085          ,565
SA4086         ,565
A4086          ,565
SLA4157        ,991
SLA4158        ,991
SLA4159        ,991
SLA4160        ,148
SLA4161        ,553
SLA4163        ,553
SLA4164        ,553
SLA4166        ,553
SLA4162        ,553
SLA4165        ,553
A4135          ,982
SA4135M        ,982
A4135M         ,982
SLA4168        ,475
SLA4167        ,475
SLA4169        ,892
SA4170         ,921
A4170          ,921
SA4171         ,921
SLA4172M       ,475
SA4174         ,992
A3446-FPI      ,176
SLA4175        ,148
SA4173         ,452
SLA4173        ,452
SA4176         ,821
SLA4176        ,821
SLA4178        ,883
SLA4177        ,883
A4174          ,992
SA4179         ,418
SA4180         ,409
SA4180M        ,409
SA4181         ,409
SA4181M        ,409
SA4182         ,396
A4182          ,396
SLA4183        ,170
SLA4184        ,170
SLA4185        ,170
A4171          ,921
SLA4187        ,467
SLA4186        ,941
SA3097         ,115
SLA4189        ,892
SLA4188        ,199
A4127          ,991
SA4158         ,991
A4158          ,991
SA4159         ,991
A4159          ,991
SA4060         ,452
A4060          ,452
SA4044         ,452
A4044          ,452
SLA4190        ,199
A4176          ,821
WELD PLT1      ,1
SLA4191        ,930
SA4194         ,197
SA4192E        ,930
SA4192F        ,930
SA4193F        ,930
SA4193E        ,930
SA4195         ,153
A4199          ,921
SA4199         ,921
SA4200         ,819
SLA4198        ,199
A4179          ,418
SLA4196        ,824
SLA4197        ,824
SLA4201        ,368
SLA4202        ,368
SLA4203        ,826
SLA4207        ,199
SA4204         ,827
SA4205         ,827
SA4206         ,827
SLA4208        ,199
SA4211         ,197
A4211          ,197
SA4212         ,197
A4212          ,197
SA4213         ,197
A4213          ,197
SA4214         ,197
A4214          ,197
SLA4216        ,172
SLA4215        ,172
SLA4210        ,368
SLA4209        ,368
SLA4218        ,446
SLA4217        ,446
A4180          ,409
A4180M         ,409
A4181          ,409
A4181M         ,409
SA4222         ,396
A4222          ,396
SLA4221        ,197
SA4219         ,951
A4219          ,951
SA4220         ,951
A4220          ,951
SA4178         ,883
A4178          ,883
SLA4224        ,197
SLA4223        ,197
SLA4225        ,197
SLA4223M       ,197
SLA4226        ,961
SA4026         ,910
A4026          ,910
SA4140         ,883
A4140          ,883
SLA4228        ,883
SLA4229        ,883
SLA4227        ,963
SA4232         ,199
A4232          ,199
A4231          ,921
SA4231         ,921
SLA4230        ,826
SLA4233        ,199
SLA4234        ,199
SLA4235        ,199
SLA4236        ,199
SLA4237        ,199
SA4238         ,819
SLA4239        ,475
SLA4242        ,197
SLA4243        ,197
SLA4240        ,2
SLA4244        ,974
SLA4241        ,197
A4195          ,153
SA4245         ,200
A4245          ,200
PATTERNS       ,974
SA4246         ,189
SA4247         ,189
A4246          ,189
A4247          ,189
SLA4248        ,199
SLA4249        ,199
SLA4250        ,153
SLA4251        ,557
SLA4252        ,557
SLA4255        ,148
SLA4256        ,199
SLA4257        ,199
SLA4269        ,409
SLA4253        ,172
SLA4254        ,172
SLA4258        ,197
SLA4259        ,197
SA4269         ,409
A4269          ,409
SLA4270        ,883
SA4271         ,381
A4271          ,381
SA4272         ,381
A4272          ,381
SLA4273        ,547
SLA4264        ,941
SLA4266        ,941
SLA4261        ,941
SLA4262        ,941
SLA4263        ,941
SLA4265        ,941
SLA4267        ,941
SLA4268        ,941
SLA4252M       ,557
SLA4279        ,199
SLA4281        ,170
SLA4280        ,995
A3976          ,342
SA4274         ,189
A4274          ,189
SA4275         ,189
A4275          ,189
SA4276         ,189
A4276          ,189
A3448-FPI      ,176
SLA4260        ,197
SLA4260M       ,197
SA4260         ,197
A4260M         ,197
SA4260M        ,197
A4260          ,197
SA4196         ,824
A4196          ,824
A4197          ,824
SA4197         ,824
SLA4277        ,884
A4278          ,199
SA4278         ,199
SA4254         ,172
A4254          ,172
SA4253         ,172
A4253          ,172
SLA4282        ,197
SLA4283        ,148
SLA4284        ,557
SLA4285        ,883
SA4087         ,127
A4087          ,127
A3449-FPI      ,204
A3450-FPI      ,204
SLA4286        ,368
6853           ,1
SLA4287        ,197
WTP1-A356      ,1
SLA4288        ,199
SLA4289        ,199
SLA4292        ,199
SLA4293        ,197
SA4291         ,452
A4291          ,452
SA4290         ,936
A4290          ,936
SA4261         ,941
A4261          ,941
A4262          ,941
SA4262         ,941
SA4263         ,941
A4263          ,941
SA4264         ,941
A4264          ,941
SA4265         ,941
A4265          ,941
SA4266         ,941
A4266          ,941
SA4267         ,941
A4267          ,941
SA4268         ,941
A4268          ,941
SA4294         ,936
SLA4296        ,883
SLA4297        ,197
SLA4298        ,148
SA4300         ,452
A4300          ,452
SA4301         ,452
A4301          ,452
SLA4300        ,452
SLA4301        ,452
SLA4299        ,590
SLA4302        ,883
A4302          ,883
SLA4304        ,148
SLA4303        ,148
SA4306         ,824
A4306          ,824
SLA4295        ,199
SLA4293-1      ,197
SLA4305        ,148
SLA4307        ,883
SLA4310        ,553
SLA4308        ,199
SLA4311        ,883
SA4226         ,961
A4226          ,961
SLA4309        ,883
A4252          ,557
A4252M         ,557
SLA4312        ,197
SLA4313        ,199
SLA4314        ,199
SA4252         ,557
SA4252M        ,557
A4315          ,99
SA4315         ,99
SLA4316        ,452
SLA4317        ,452
SLA4318        ,452
SLA4319        ,197
SLA4320        ,883
SLA4321        ,883
SLA4322        ,883
SA4285         ,883
A4285          ,883
SLA4323        ,452
SA4317         ,452
A4317          ,452
SLA4324        ,883
SA4323         ,452
A4323          ,452
A3892          ,452
SLA4325        ,557
SA4325         ,557
A4325          ,557
SA4327         ,794
A4327          ,794
SA4328         ,794
A4328          ,794
